acura,integra
acura,legend
acura,vigor
acura,rlx
acura,ilx
acura,mdx
acura,rdx
acura,tsx
acura,rsx
audi,quattro
audi,a4
audi,a6
audi,a5
audi,a7
audi,q3
audi,q5
audi,q7
audi,a8
audi,a3
bmw,3-series
bmw,5-series
bmw,6-series
bmw,4-series
bmw,xdrive
bmw,alpina
bmw,330ci
bmw,328i
bmw,330c
bmw,335i
bmw,335d
bmw,528i
bmw,535i
bmw,128i
bmw,640i
bmw,3er
bmw,5er
bmw,m5
bmw,m3
bmw,m6
bmw,bmws
bmw,bmwesque
buick,park avenue
buick,la crosse
buick,lacrosse
buick,century
buick,enclave
buick,encore
buick,regal
buick,buicks
cadillac,escalade
cadillac,srx
cadillac,xts
chevrolet,grand blazer
chevrolet,trailblazer
chevrolet,trailblazer
chevrolet,silverado
chevrolet,colorado
chevrolet,corvette
chevrolet,suburban
chevrolet,cavalier
chevrolet,caprice
chevrolet,captiva
chevrolet,equinox
chevrolet,express
chevrolet,lacetti
chevrolet,montana
chevrolet,uplander
chevrolet,orlando
chevrolet,tornado
chevrolet,tracker
chevrolet,traverse
chevrolet,caprice
chevrolet,captiva
chevrolet,equinox
chevrolet,express
chevrolet,camaro
chevrolet,cobalt
chevrolet,impala
chevrolet,lumina
chevrolet,malibu
chevrolet,prisma
chevrolet,tavera
chevrolet,camaro
chevrolet,cobalt
chevrolet,impala
chevrolet,lumina
chevrolet,malibu
chevrolet,tavera
chevrolet,agile
chevrolet,celta
chevrolet,cruze
chevrolet,lanos
chevrolet,omega
chevrolet,optra
chevrolet,sonic
chevrolet,spark
chevrolet,tahoe
chevrolet,agile
chevrolet,cruze
chevrolet,sonic
chevrolet,spark
chevrolet,aveo
chevrolet,lova
chevrolet,n200
chevrolet,niva
chevrolet,onix
chevrolet,s-10
chevrolet,sail
chevrolet,volt
chevrolet,aveo
chevrolet,volt
chevrolet,chevy
chevrolet,malibus
chevrolet,suburban
chevrolet,corvette
chrysler,town and country
chrysler,chrysler 300
chrysler,chrysler 200
chrysler,pacifica
chrysler,cruiser
chrysler,sebring
chrysler,300m
chrysler,lx
chrysler,chryslers
dodge,challenger
dodge,intrepid
dodge,avenger
dodge,charger
dodge,durango
dodge,journey
dodge,caliber
dodge,stealth
dodge,magnum
dodge,viper
dodge,dart
dodge,ram
ford,crownvictoria
ford,expedition
ford,supervan
ford,freestar
ford,explorer
ford,mustang
ford,ecoline
ford,tourneo
ford,everest
ford,fiesta
ford,fusion
ford,taurus
ford,galaxy
ford,escape
ford,focus
ford,f-150
ford,c-max
ford,s-max
ford,kuga
ford,cmax
ford,f150
ford,fords
ford,fusions
ford,fusionmilan
honda,crosstour
honda,ridgeline
honda,inspire
honda,mobilio
honda,prelude
honda,shuttle
honda,spirior
honda,stepwgn
honda,crider
honda,insight
honda,legend
honda,odyssey
honda,stream
honda,amaze
honda,hobio
honda,n-box
honda,n-one
honda,n-wgn
honda,pilot
honda,vamos
honda,vezel
honda,spike
honda,acty
honda,brio
honda,city
honda,civic
honda,cr-v
honda,freed
honda,jade
honda,zest
honda,aria
honda,ex-l
honda,cr-z
honda,jazz
honda,nsx
honda,nbox
honda,exl
honda,fcx
honda,5dr
honda,crv
honda,pilot
honda,accord
honda,hondas
honda,accords
honda,odessey
honda,crosstour
hyundai,hyndai kia
hyundai,centennial
hyundai,grandeur
hyundai,veloster
hyundai,elantra
hyundai,genesis
hyundai,tiburon
hyundai,tuscani
hyundai,dynasty
hyundai,santamo
hyundai,stellar
hyundai,accent
hyundai,lantra
hyundai,avante
hyundai,santro
hyundai,sonata
hyundai,scoupe
hyundai,matrix
hyundai,lavity
hyundai,verna
hyundai,equus
hyundai,azera
hyundai,xcent
hyundai,click
hyundai,atos
hyundai,atoz
hyundai,ix20
hyundai,getz
hyundai,pony
hyundai,i10
hyundai,i20
hyundai,i30
hyundai,i40
hyundai,i45
hyundai,xg
hyundai,santa
hyundai,sonatas
hyundai,hyundais
hyundai,veracruz
infiniti,qx50
infiniti,qx60
infiniti,qx70
infiniti,fx35
infiniti,q50
infiniti,q60
infiniti,q70
infiniti,g37
infiniti,g25
infiniti,6mt
kia,cadenza
kia,sorento
kia,sedona
kia,forte
kia,koup
kia,k900
kia,kias
kia,optima
kia,optima
kia,optima
lincoln,navigator
lincoln,town car
lincoln,zephyr
lincoln,mkz
lincoln,mks
lincoln,mkx
lincoln,mkc
lincoln,mkt
mazda,az-offroad
mazda,az-wagon
mazda,familia
mazda,premacy
mazda,biante
mazda,carol
mazda,scrum
mazda,mazda2
mazda,mazda3
mazda,mazda5
mazda,atenza
mazda,mazda6
mazda,mazda8
mazda,bongo
mazda,demio
mazda,axela
mazda,rx-8
mazda,cx-7
mazda,bt-50
mazda,rx-8
mazda,mx-5
mazda,cx-5
mazda,cx-9
mazda,6i
mazda,cx9
mazda,cx5
mazda,rx8
mazda,mazdas
mazda,mazda6s
mazda,mazda6i
mercedes,mercedes-benz
mercedes,benz
mercedes,cl-class
mercedes,c-class
mercedes,e-class
mercedes,s-class
mercedes,mercedesbenz
mercedes,mercedes
mercedes,mercedes
mercury,milan
mercury,mercury
mitsubishi,galant
mitsubishi,lancer
nissan,pathfinder
nissan,frontier
nissan,sentra
nissan,altima
nissan,maxima
nissan,murano
nissan,armada
nissan,xterra
nissan,versa
nissan,rogue
nissan,titan
nissan,cube
nissan,juke
nissan,leaf
nissan,370z
nissan,altimas
nissan,nissans
nissan,quest.
nissan,"quest,"
pontiac,streamliner
pontiac,grand prix
pontiac,grand am
pontiac,sunfire
pontiac,torpedo
pontiac,aztek
pontiac,vibe
pontiac,wave
pontiac,vibe
pontiac,gxp
pontiac,gto
pontiac,g6
pontiac,g3
pontiac,g4
pontiac,g5
pontiac,g6
pontiac,g8
saturn,aura
subaru,outback sport
subaru,grand wagon
subaru,impreza xv
subaru,crosstrek
subaru,lancaster
subaru,forester
subaru,impreza
subaru,tribeca
subaru,liberty
subaru,outback
subaru,gravel
subaru,legacy
subaru,sambar
subaru,stella
subaru,exiga
subaru,pleo
subaru,brz
subaru,wrx
subaru,dex
subaru,r1
subaru,r2
suzuki,every landy
suzuki,cappuccino
suzuki,mighty boy
suzuki,geo metro
suzuki,mr wagon
suzuki,palette
suzuki,wagon r
suzuki,kizashi
suzuki,equator
suzuki,splash
suzuki,ertiga
suzuki,cultus
suzuki,esteem
suzuki,fronte
suzuki,escudo
suzuki,lapin
suzuki,solio
suzuki,swift
suzuki,landy
suzuki,jimny
suzuki,aerio
suzuki,liana
suzuki,cervo
suzuki,forsa
suzuki,ignis
suzuki,x-90
suzuki,xl7
suzuki,sx4
suzuki,apv
toyata,camrybest
toyata,corolla/sprinter
toyata,urban cruiser
toyata,land cruiser
toyata,highlander
toyata,fj cruiser
toyata,hilux surf
toyata,fortuner
toyata,stallion
toyata,vanguard
toyata,4runner
toyata,alphard
toyata,avensis
toyata,century
toyata,coaster
toyata,comfort
toyata,granvia
toyata,liteace
toyata,scepter
toyata,sequoia
toyata,succeed
toyata,townace
toyata,toyoace
toyata,venture
toyata,allion
toyata,aurion
toyata,avalon
toyata,avanza
toyata,condor
toyata,fiedler
toyata,majesta
toyata,estima
toyata,hiclass
toyata,innova
toyata,kijang
toyata,kingdom
toyata,kluger
toyata,matrix
toyata,miniace
toyata,picnic
toyata,premio
toyata,probox
toyata,qualis
toyata,ractis
toyata,sienna
toyata,sienta
toyata,sparky
toyata,tacoma
toyata,tamaraw
toyata,tarago
toyata,tundra
toyata,vienta
toyata,auris
toyata,belta
toyata,camry
toyata,carri
toyata,rumion
toyata,etios
toyata,hilux
toyata,hiace
toyata,mark x
toyata,passo
toyata,porte
toyata,prius
toyata,sofia
toyata,tiara
toyata,venza
toyata,verso
toyata,yaris
toyata,zelas
toyata,aygo
toyata,cami
toyata,dyna
toyata,isis
toyata,nadia
toyata,noah
toyata,raum
toyata,rav4
toyata,reiz
toyata,vios
toyata,voxy
toyata,platz
toyata,axio
toyata,ist
toyata,sai
toyata,vitz
toyata,echo
toyata,bb
toyata,iq
toyata,zio
toyata,camry
toyata,prius
toyata,venza
toyata,camrys
toyata,avalon
toyata,solara
toyata,corolla
toyata,toyotas
toyata,highlander
volkswagen,sportwagen
volkswagen,touraeg
volkswagen,passat
volkswagen,tiguan
volkswagen,beetle
volkswagen,rabbit
volkswagen,jetta
volkswagen,golf
volkswagen,gti
volkswagen,eos
volkswagen,volkwagen
volkswagen,vw
volkswagen,vws
volkswagen,passats
volkswagen,passat
volvo,xc60
volvo,xc70
volvo,xc90
volvo,s60
volvo,s80
volvo,v60
volvo,c70
