"Field1","Field2_Text","Field3"
"This is what happens when you reply to spam email | James Veitch                                                                    45M views3 years ago","This is what happens when you reply to spam email | James Veitch","45M views"
"Inside the mind of a master procrastinator | Tim Urban                                                                    24M views3 years ago","Inside the mind of a master procrastinator | Tim Urban","24M views"
"How to speak so that people want to listen | Julian Treasure                                                                    24M views5 years ago","How to speak so that people want to listen | Julian Treasure","24M views"
"The orchestra in my mouth | Tom Thum                                                                    23M views6 years ago","The orchestra in my mouth | Tom Thum","23M views"
"Looks aren't everything. Believe me, I'm a model. | Cameron Russell                                                                                                                              Verified            22M views6 years ago","Looks aren't everything. Believe me, I'm a model. | Cameron Russell","22M views"
"The art of misdirection | Apollo Robbins                                                                                                                              Verified            18M views6 years ago","The art of misdirection | Apollo Robbins","18M views"
"The agony of trying to unsubscribe | James Veitch                                                                                                                              Verified            18M views3 years ago","The agony of trying to unsubscribe | James Veitch","18M views"
"How to spot a liar | Pamela Meyer                                                                                                                              Verified            18M views8 years ago","How to spot a liar | Pamela Meyer","18M views"
"Do schools kill creativity? | Sir Ken Robinson                                                                                                                              Verified            17M views12 years ago","Do schools kill creativity? | Sir Ken Robinson","17M views"
"How I held my breath for 17 minutes | David Blaine                                                                                                                              Verified            17M views9 years ago","How I held my breath for 17 minutes | David Blaine","17M views"
"Your body language may shape who you are | Amy Cuddy                                                                                                                              Verified            17M views7 years ago","Your body language may shape who you are | Amy Cuddy","17M views"
"Strange answers to the psychopath test | Jon Ronson                                                                                                                              Verified            17M views7 years ago","Strange answers to the psychopath test | Jon Ronson","17M views"
"What makes a good life? Lessons from the longest study on happiness | Robert Waldinger                                                                                                                              Verified            14M views3 years ago","What makes a good life? Lessons from the longest study on happiness | Robert Waldinger","14M views"
"A Saudi, an Indian and an Iranian walk into a Qatari bar ... | Maz Jobrani                                                                                                                              Verified            12M views6 years ago","A Saudi, an Indian and an Iranian walk into a Qatari bar ... | Maz Jobrani","12M views"
"The power of vulnerability | Brené Brown                                                                                                                              Verified            11M views8 years ago","The power of vulnerability | Brené Brown","11M views"
"10 things you didn't know about orgasm | Mary Roach                                                                                                                              Verified            11M views10 years ago","10 things you didn't know about orgasm | Mary Roach","11M views"
"My journey to yo-yo mastery | BLACK                                                                                                                              Verified            11M views6 years ago","My journey to yo-yo mastery | BLACK","11M views"
"How great leaders inspire action | Simon Sinek                                                                                                                              Verified            11M views9 years ago","How great leaders inspire action | Simon Sinek","11M views"
"How to stay calm when you know you'll be stressed | Daniel Levitin                                                                                                                              Verified            10M views4 years ago","How to stay calm when you know you'll be stressed | Daniel Levitin","10M views"
"The future we're building -- and boring | Elon Musk                                                                                                                              Verified            10M views2 years ago","The future we're building -- and boring | Elon Musk","10M views"
"The power of introverts | Susan Cain                                                                                                                              Verified            9.8M views7 years ago","The power of introverts | Susan Cain","9.8M views"
"The price of shame | Monica Lewinsky                                                                                                                              Verified            9.7M views4 years ago","The price of shame | Monica Lewinsky","9.7M views"
"Brain magic | Keith Barry                                                                                                                              Verified            9.5M views11 years ago","Brain magic | Keith Barry","9.5M views"
"New bionics let us run, climb and dance | Hugh Herr                                                                                                                              Verified            9.1M views5 years ago","New bionics let us run, climb and dance | Hugh Herr","9.1M views"
"My escape from North Korea | Hyeonseo Lee                                                                                                                              Verified            9.1M views6 years ago","My escape from North Korea | Hyeonseo Lee","9.1M views"
"How to make stress your friend | Kelly McGonigal                                                                                                                              Verified            8.7M views6 years ago","How to make stress your friend | Kelly McGonigal","8.7M views"
"The puzzle of motivation | Dan Pink                                                                                                                              Verified            8.6M views10 years ago","The puzzle of motivation | Dan Pink","8.6M views"
"The astounding athletic power of quadcopters | Raffaello D'Andrea                                                                                                                              Verified            8.6M views6 years ago","The astounding athletic power of quadcopters | Raffaello D'Andrea","8.6M views"
"Reggie Watts disorients you in the most entertaining way                                                                                                                              Verified            8.5M views7 years ago","Reggie Watts disorients you in the most entertaining way","8.5M views"
"A simple way to break a bad habit | Judson Brewer                                                                                                                              Verified            8.3M views3 years ago","A simple way to break a bad habit | Judson Brewer","8.3M views"
"Rethinking infidelity ... a talk for anyone who has ever loved | Esther Perel                                                                                                                              Verified            8.2M views4 years ago","Rethinking infidelity ... a talk for anyone who has ever loved | Esther Perel","8.2M views"
"A 12-year-old app developer | Thomas Suarez                                                                                                                              Verified            7.7M views7 years ago","A 12-year-old app developer | Thomas Suarez","7.7M views"
"10 ways to have a better conversation | Celeste Headlee                                                                                                                              Verified            7.5M views3 years ago","10 ways to have a better conversation | Celeste Headlee","7.5M views"
"My son was a Columbine shooter. This is my story | Sue Klebold                                                                                                                              Verified            7.5M views2 years ago","My son was a Columbine shooter. This is my story | Sue Klebold","7.5M views"
"Fly with the Jetman | Yves Rossy                                                                                                                              Verified            7M views8 years ago","Fly with the Jetman | Yves Rossy","7M views"
"Everything you think you know about addiction is wrong | Johann Hari                                                                                                                              Verified            6.9M views4 years ago","Everything you think you know about addiction is wrong | Johann Hari","6.9M views"
"Thoughts on humanity, fame and love | Shah Rukh Khan                                                                                                                              Verified            6.5M views2 years ago","Thoughts on humanity, fame and love | Shah Rukh Khan","6.5M views"
"Questioning the universe | Stephen Hawking                                                                                                                              Verified            6.3M views11 years ago","Questioning the universe | Stephen Hawking","6.3M views"
"My stroke of insight | Jill Bolte Taylor                                                                                                                              Verified            6.2M views11 years ago","My stroke of insight | Jill Bolte Taylor","6.2M views"
"How to control someone else's arm with your brain | Greg Gage                                                                                                                              Verified            6.1M views4 years ago","How to control someone else's arm with your brain | Greg Gage","6.1M views"
"Your brain hallucinates your conscious reality | Anil Seth                                                                                                                              Verified            6.1M views2 years ago","Your brain hallucinates your conscious reality | Anil Seth","6.1M views"
"Are athletes really getting faster, better, stronger? | David Epstein                                                                                                                              Verified            6M views5 years ago","Are athletes really getting faster, better, stronger? | David Epstein","6M views"
"Meet the dazzling flying machines of the future | Raffaello D'Andrea                                                                                                                              Verified            5.9M views3 years ago","Meet the dazzling flying machines of the future | Raffaello D'Andrea","5.9M views"
"What I learned from going blind in space | Chris Hadfield                                                                                                                              Verified            5.8M views5 years ago","What I learned from going blind in space | Chris Hadfield","5.8M views"
"The surprising habits of original thinkers | Adam Grant                                                                                                                              Verified            5.7M views3 years ago","The surprising habits of original thinkers | Adam Grant","5.7M views"
"How I climbed a 3,000-foot vertical cliff -- without ropes | Alex Honnold                                                                                                                              Verified            5.7M views1 year ago","How I climbed a 3,000-foot vertical cliff -- without ropes | Alex Honnold","5.7M views"
"Grit: the power of passion and perseverance | Angela Lee Duckworth                                                                                                                              Verified            5.7M views6 years ago","Grit: the power of passion and perseverance | Angela Lee Duckworth","5.7M views"
"The art of asking | Amanda Palmer                                                                                                                              Verified            5.7M views6 years ago","The art of asking | Amanda Palmer","5.7M views"
"Can you really tell if a kid is lying? | Kang Lee                                                                                                                              Verified            5.7M views3 years ago","Can you really tell if a kid is lying? | Kang Lee","5.7M views"
"The danger of a single story | Chimamanda Ngozi Adichie                                                                                                                              Verified            5.6M views10 years ago","The danger of a single story | Chimamanda Ngozi Adichie","5.6M views"
"What really matters at the end of life | BJ Miller                                                                                                                              Verified            5.6M views4 years ago","What really matters at the end of life | BJ Miller","5.6M views"
"If I should have a daughter ... | Sarah Kay                                                                                                                              Verified            5.6M views8 years ago","If I should have a daughter ... | Sarah Kay","5.6M views"
"Who are you, really? The puzzle of personality | Brian Little                                                                                                                              Verified            5.6M views3 years ago","Who are you, really? The puzzle of personality | Brian Little","5.6M views"
"Learning from dirty jobs | Mike Rowe                                                                                                                              Verified            5.6M views10 years ago","Learning from dirty jobs | Mike Rowe","5.6M views"
"Bluegrass virtuosity from ... New Jersey? | Sleepy Man Banjo Boys                                                                                                                              Verified            5.5M views6 years ago","Bluegrass virtuosity from ... New Jersey? | Sleepy Man Banjo Boys","5.5M views"
"I got 99 problems... palsy is just one | Maysoon Zayid                                                                                                                              Verified            5.5M views5 years ago","I got 99 problems... palsy is just one | Maysoon Zayid","5.5M views"
"Why does the universe exist? | Jim Holt                                                                                                                              Verified            5.4M views5 years ago","Why does the universe exist? | Jim Holt","5.4M views"
"Your brain on video games | Daphne Bavelier                                                                                                                              Verified            5.2M views7 years ago","Your brain on video games | Daphne Bavelier","5.2M views"
"The history of our world in 18 minutes | David Christian                                                                                                                              Verified            5.2M views8 years ago","The history of our world in 18 minutes | David Christian","5.2M views"
"The most mysterious star in the universe | Tabetha Boyajian                                                                                                                              Verified            5.1M views3 years ago","The most mysterious star in the universe | Tabetha Boyajian","5.1M views"
"I grew up in the Westboro Baptist Church. Here's why I left | Megan Phelps-Roper                                                                                                                              Verified            4.9M views2 years ago","I grew up in the Westboro Baptist Church. Here's why I left | Megan Phelps-Roper","4.9M views"
"An ultra-low-cost college degree | Shai Reshef                                                                                                                              Verified            4.8M views5 years ago","An ultra-low-cost college degree | Shai Reshef","4.8M views"
"The transformative power of classical music | Benjamin Zander                                                                                                                              Verified            4.7M views11 years ago","The transformative power of classical music | Benjamin Zander","4.7M views"
"How to gain control of your free time | Laura Vanderkam                                                                                                                              Verified            4.7M views2 years ago","How to gain control of your free time | Laura Vanderkam","4.7M views"
"My journey from Marine to actor | Adam Driver                                                                                                                              Verified            4.7M views3 years ago","My journey from Marine to actor | Adam Driver","4.7M views"
"Why are these 32 symbols found in caves all over Europe | Genevieve von Petzinger                                                                                                                              Verified            4.7M views3 years ago","Why are these 32 symbols found in caves all over Europe | Genevieve von Petzinger","4.7M views"
"How to fix a broken heart | Guy Winch                                                                                                                              Verified            4.7M views1 year ago","How to fix a broken heart | Guy Winch","4.7M views"
"How language shapes the way we think | Lera Boroditsky                                                                                                                              Verified            4.6M views1 year ago","How language shapes the way we think | Lera Boroditsky","4.6M views"
"The thrilling potential of SixthSense technology | Pranav Mistry                                                                                                                              Verified            4.6M views10 years ago","The thrilling potential of SixthSense technology | Pranav Mistry","4.6M views"
"Why good leaders make you feel safe | Simon Sinek                                                                                                                              Verified            4.6M views5 years ago","Why good leaders make you feel safe | Simon Sinek","4.6M views"
"What hallucination reveals about our minds | Oliver Sacks                                                                                                                              Verified            4.3M views10 years ago","What hallucination reveals about our minds | Oliver Sacks","4.3M views"
"The incredible inventions of intuitive AI | Maurice Conti                                                                                                                              Verified            4.2M views2 years ago","The incredible inventions of intuitive AI | Maurice Conti","4.2M views"
"Why city flags may be the worst-designed thing you've never noticed | Roman Mars                                                                                                                              Verified            4.2M views4 years ago","Why city flags may be the worst-designed thing you've never noticed | Roman Mars","4.2M views"
"The mad scientist of music | Mark Applebaum                                                                                                                              Verified            4.2M views7 years ago","The mad scientist of music | Mark Applebaum","4.2M views"
"How to escape education's death valley | Sir Ken Robinson                                                                                                                              Verified            4.1M views6 years ago","How to escape education's death valley | Sir Ken Robinson","4.1M views"
"Listening to shame | Brené Brown                                                                                                                              Verified            4M views7 years ago","Listening to shame | Brené Brown","4M views"
"Your kids might live on Mars. Here's how they'll survive | Stephen Petranek                                                                                                                              Verified            4M views3 years ago","Your kids might live on Mars. Here's how they'll survive | Stephen Petranek","4M views"
"Making peace is a marathon | May El-Khalil                                                                                                                              Verified            4M views6 years ago","Making peace is a marathon | May El-Khalil","4M views"
"Your elusive creative genius | Elizabeth Gilbert                                                                                                                              Verified            4M views10 years ago","Your elusive creative genius | Elizabeth Gilbert","4M views"
"Which country does the most good for the world? | Simon Anholt                                                                                                                              Verified            3.8M views5 years ago","Which country does the most good for the world? | Simon Anholt","3.8M views"
"How to green the world's deserts and reverse climate change | Allan Savory                                                                                                                              Verified            3.8M views6 years ago","How to green the world's deserts and reverse climate change | Allan Savory","3.8M views"
"Depression, the secret we share | Andrew Solomon                                                                                                                              Verified            3.8M views5 years ago","Depression, the secret we share | Andrew Solomon","3.8M views"
"The secret to desire in a long-term relationship | Esther Perel                                                                                                                              Verified            3.7M views6 years ago","The secret to desire in a long-term relationship | Esther Perel","3.7M views"
"The brain-changing benefits of exercise | Wendy Suzuki                                                                                                                              Verified            3.7M views1 year ago","The brain-changing benefits of exercise | Wendy Suzuki","3.7M views"
"Did you hear the one about the Iranian-American? | Maz Jobrani                                                                                                                              Verified            3.6M views9 years ago","Did you hear the one about the Iranian-American? | Maz Jobrani","3.6M views"
"Every kid needs a champion | Rita Pierson                                                                                                                              Verified            3.6M views6 years ago","Every kid needs a champion | Rita Pierson","3.6M views"
"How I hacked online dating | Amy Webb                                                                                                                              Verified            3.6M views6 years ago","How I hacked online dating | Amy Webb","3.6M views"
"The magic of Fibonacci numbers | Arthur Benjamin                                                                                                                              Verified            3.6M views6 years ago","The magic of Fibonacci numbers | Arthur Benjamin","3.6M views"
"Why is our universe fine-tuned for life? | Brian Greene                                                                                                                              Verified            3.6M views7 years ago","Why is our universe fine-tuned for life? | Brian Greene","3.6M views"
"You can grow new brain cells. Here's how | Sandrine Thuret                                                                                                                              Verified            3.5M views4 years ago","You can grow new brain cells. Here's how | Sandrine Thuret","3.5M views"
"The unheard story of David and Goliath | Malcolm Gladwell                                                                                                                              Verified            3.5M views6 years ago","The unheard story of David and Goliath | Malcolm Gladwell","3.5M views"
"The paradox of choice | Barry Schwartz                                                                                                                              Verified            3.5M views12 years ago","The paradox of choice | Barry Schwartz","3.5M views"
"Hidden miracles of the natural world | Louie Schwartzberg                                                                                                                              Verified            3.4M views5 years ago","Hidden miracles of the natural world | Louie Schwartzberg","3.4M views"
"How the mysterious dark net is going mainstream | Jamie Bartlett                                                                                                                              Verified            3.4M views4 years ago","How the mysterious dark net is going mainstream | Jamie Bartlett","3.4M views"
"Sleep is your superpower | Matt Walker                                                                                                                              Verified            3.4M views5 months ago","Sleep is your superpower | Matt Walker","3.4M views"
"A robot that flies like a bird | Markus Fischer                                                                                                                              Verified            3.3M views8 years ago","A robot that flies like a bird | Markus Fischer","3.3M views"
"The nightmare videos of childrens' YouTube — and what's wrong with the internet today | James Bridle                                                                                                                              Verified            3.3M views1 year ago","The nightmare videos of childrens' YouTube — and what's wrong with the internet today | James Bridle","3.3M views"
"""To This Day"" ... for the bullied and beautiful | Shane Koyczan                                                                                                                              Verified            3.3M views6 years ago","""To This Day"" ... for the bullied and beautiful | Shane Koyczan","3.3M views"
"The surprising science of happiness | Dan Gilbert                                                                                                                              Verified            3.3M views7 years ago","The surprising science of happiness | Dan Gilbert","3.3M views"
"How I learned to read -- and trade stocks -- in prison | Curtis ""Wall Street"" Carroll                                                                                                                              Verified            3.2M views2 years ago","How I learned to read -- and trade stocks -- in prison | Curtis ""Wall Street"" Carroll","3.2M views"
"How to practice emotional first aid | Guy Winch                                                                                                                              Verified            3.2M views4 years ago","How to practice emotional first aid | Guy Winch","3.2M views"
"How to take a picture of a black hole | Katie Bouman                                                                                                                              Verified            3.1M views2 years ago","How to take a picture of a black hole | Katie Bouman","3.1M views"
"The power of believing that you can improve | Carol Dweck                                                                                                                              Verified            3.1M views4 years ago","The power of believing that you can improve | Carol Dweck","3.1M views"
"The story of 'Oumuamua, the first visitor from another star system | Karen J. Meech                                                                                                                              Verified            3.1M views1 year ago","The story of 'Oumuamua, the first visitor from another star system | Karen J. Meech","3.1M views"
"A beatboxing lesson from a father-daughter duo | Nicole Paris and Ed Cage                                                                                                                              Verified            3M views3 years ago","A beatboxing lesson from a father-daughter duo | Nicole Paris and Ed Cage","3M views"
"A young guitarist meets his hero | Usman Riaz and Preston Reed                                                                                                                              Verified            3M views7 years ago","A young guitarist meets his hero | Usman Riaz and Preston Reed","3M views"
"How sampling transformed music | Mark Ronson                                                                                                                              Verified            3M views5 years ago","How sampling transformed music | Mark Ronson","3M views"
"The best stats you've ever seen | Hans Rosling                                                                                                                              Verified            3M views12 years ago","The best stats you've ever seen | Hans Rosling","3M views"
"All it takes is 10 mindful minutes | Andy Puddicombe                                                                                                                              Verified            3M views6 years ago","All it takes is 10 mindful minutes | Andy Puddicombe","3M views"
"The secrets of learning a new language | Lýdia Machová                                                                                                                              Verified            2.9M views10 months ago","The secrets of learning a new language | Lýdia Machová","2.9M views"
"The single biggest reason why start-ups succeed | Bill Gross                                                                                                                              Verified            2.9M views4 years ago","The single biggest reason why start-ups succeed | Bill Gross","2.9M views"
"The happy secret to better work | Shawn Achor                                                                                                                              Verified            2.9M views7 years ago","The happy secret to better work | Shawn Achor","2.9M views"
"Where are all the aliens? | Stephen Webb                                                                                                                              Verified            2.9M views1 year ago","Where are all the aliens? | Stephen Webb","2.9M views"
"The bridge between suicide and life | Kevin Briggs                                                                                                                              Verified            2.8M views5 years ago","The bridge between suicide and life | Kevin Briggs","2.8M views"
"There's more to life than being happy | Emily Esfahani Smith                                                                                                                              Verified            2.8M views2 years ago","There's more to life than being happy | Emily Esfahani Smith","2.8M views"
"Imaging at a trillion frames per second | Ramesh Raskar                                                                                                                              Verified            2.8M views7 years ago","Imaging at a trillion frames per second | Ramesh Raskar","2.8M views"
"What you don't know about marriage | Jenna McCarthy                                                                                                                              Verified            2.7M views7 years ago","What you don't know about marriage | Jenna McCarthy","2.7M views"
"What it's like to be a Muslim in America | Dalia Mogahed                                                                                                                              Verified            2.7M views3 years ago","What it's like to be a Muslim in America | Dalia Mogahed","2.7M views"
"Why we have too few women leaders | Sheryl Sandberg                                                                                                                              Verified            2.7M views8 years ago","Why we have too few women leaders | Sheryl Sandberg","2.7M views"
"Can we build AI without losing control over it? | Sam Harris                                                                                                                              Verified            2.7M views3 years ago","Can we build AI without losing control over it? | Sam Harris","2.7M views"
"Why 30 is not the new 20 | Meg Jay                                                                                                                              Verified            2.7M views6 years ago","Why 30 is not the new 20 | Meg Jay","2.7M views"
"How childhood trauma affects health across a lifetime | Nadine Burke Harris                                                                                                                              Verified            2.7M views4 years ago","How childhood trauma affects health across a lifetime | Nadine Burke Harris","2.7M views"
"Why our IQ levels are higher than our grandparents' | James Flynn                                                                                                                              Verified            2.7M views6 years ago","Why our IQ levels are higher than our grandparents' | James Flynn","2.7M views"
"The mind behind Linux | Linus Torvalds                                                                                                                              Verified            2.6M views3 years ago","The mind behind Linux | Linus Torvalds","2.6M views"
"Why domestic violence victims don't leave | Leslie Morgan Steiner                                                                                                                              Verified            2.6M views6 years ago","Why domestic violence victims don't leave | Leslie Morgan Steiner","2.6M views"
"5 ways to listen better | Julian Treasure                                                                                                                              Verified            2.6M views8 years ago","5 ways to listen better | Julian Treasure","2.6M views"
"I am the son of a terrorist. Here's how I chose peace | Zak Ebrahim                                                                                                                              Verified            2.6M views5 years ago","I am the son of a terrorist. Here's how I chose peace | Zak Ebrahim","2.6M views"
"How movies teach manhood | Colin Stokes                                                                                                                              Verified            2.5M views6 years ago","How movies teach manhood | Colin Stokes","2.5M views"
"Homeopathy, quackery and fraud | James Randi                                                                                                                              Verified            2.5M views9 years ago","Homeopathy, quackery and fraud | James Randi","2.5M views"
"Optical illusions show how we see | Beau Lotto                                                                                                                              Verified            2.5M views10 years ago","Optical illusions show how we see | Beau Lotto","2.5M views"
"The secret US prisons you've never heard of before | Will Potter                                                                                                                              Verified            2.5M views4 years ago","The secret US prisons you've never heard of before | Will Potter","2.5M views"
"Make love, not porn (Adult content) | Cindy Gallop                                                                                                                              Verified            2.5M views9 years ago","Make love, not porn (Adult content) | Cindy Gallop","2.5M views"
"6 ways mushrooms can save the world | Paul Stamets                                                                                                                              Verified            2.5M views11 years ago","6 ways mushrooms can save the world | Paul Stamets","2.5M views"
"Making sense of string theory | Brian Greene                                                                                                                              Verified            2.4M views11 years ago","Making sense of string theory | Brian Greene","2.4M views"
"What I learned from 100 days of rejection | Jia Jiang                                                                                                                              Verified            2.4M views2 years ago","What I learned from 100 days of rejection | Jia Jiang","2.4M views"
"Conception to birth -- visualized | Alexander Tsiaras                                                                                                                              Verified            2.4M views8 years ago","Conception to birth -- visualized | Alexander Tsiaras","2.4M views"
"Close-up card magic with a twist | Lennart Green                                                                                                                              Verified            2.3M views11 years ago","Close-up card magic with a twist | Lennart Green","2.3M views"
"Are you a giver or a taker? | Adam Grant                                                                                                                              Verified            2.3M views2 years ago","Are you a giver or a taker? | Adam Grant","2.3M views"
"Lessons from death row inmates | David R. Dow                                                                                                                              Verified            2.3M views7 years ago","Lessons from death row inmates | David R. Dow","2.3M views"
"How we take back the internet | Edward Snowden                                                                                                                              Verified            2.3M views5 years ago","How we take back the internet | Edward Snowden","2.3M views"
"Why do we sleep? | Russell Foster                                                                                                                              Verified            2.3M views6 years ago","Why do we sleep? | Russell Foster","2.3M views"
"Why you should make useless things | Simone Giertz                                                                                                                              Verified            2.3M views1 year ago","Why you should make useless things | Simone Giertz","2.3M views"
"This is what it's like to go undercover in North Korea | Suki Kim                                                                                                                              Verified            2.3M views4 years ago","This is what it's like to go undercover in North Korea | Suki Kim","2.3M views"
"What Islam really says about women | Alaa Murabit                                                                                                                              Verified            2.3M views4 years ago","What Islam really says about women | Alaa Murabit","2.3M views"
"The habits of happiness | Matthieu Ricard                                                                                                                              Verified            2.3M views11 years ago","The habits of happiness | Matthieu Ricard","2.3M views"
"What a driverless world could look like | Wanis Kabbaj                                                                                                                              Verified            2.2M views3 years ago","What a driverless world could look like | Wanis Kabbaj","2.2M views"
"Secrets of success in 8 words, 3 minutes | Richard St. John                                                                                                                              Verified            2.2M views12 years ago","Secrets of success in 8 words, 3 minutes | Richard St. John","2.2M views"
"Innovating to zero! | Bill Gates                                                                                                                              Verified            2.2M views9 years ago","Innovating to zero! | Bill Gates","2.2M views"
"Want to be happy? Be grateful | David Steindl-Rast                                                                                                                              Verified            2.2M views6 years ago","Want to be happy? Be grateful | David Steindl-Rast","2.2M views"
"Sebastian Junger: Why veterans miss war                                                                                                                              Verified            2.2M views5 years ago","Sebastian Junger: Why veterans miss war","2.2M views"
"Meet Spot, the robot dog that can run, hop and open doors | Marc Raibert                                                                                                                              Verified            2.2M views2 years ago","Meet Spot, the robot dog that can run, hop and open doors | Marc Raibert","2.2M views"
"Why giving away our wealth has been the most satisfying thing we've done... | Bill and Melinda Gates                                                                                                                              Verified            2.2M views5 years ago","Why giving away our wealth has been the most satisfying thing we've done... | Bill and Melinda Gates","2.2M views"
"The psychology of evil | Philip Zimbardo                                                                                                                              Verified            2.1M views11 years ago","The psychology of evil | Philip Zimbardo","2.1M views"
"This country isn't just carbon neutral — it's carbon negative | Tshering Tobgay                                                                                                                              Verified            2.1M views3 years ago","This country isn't just carbon neutral — it's carbon negative | Tshering Tobgay","2.1M views"
"Why people believe weird things | Michael Shermer                                                                                                                              Verified            2.1M views11 years ago","Why people believe weird things | Michael Shermer","2.1M views"
"Are China and the US doomed to conflict? | Kevin Rudd                                                                                                                              Verified            2.1M views4 years ago","Are China and the US doomed to conflict? | Kevin Rudd","2.1M views"
"The mind behind Tesla, SpaceX, SolarCity ... | Elon Musk                                                                                                                              Verified            2.1M views6 years ago","The mind behind Tesla, SpaceX, SolarCity ... | Elon Musk","2.1M views"
"How to tie your shoes | Terry Moore                                                                                                                              Verified            2.1M views8 years ago","How to tie your shoes | Terry Moore","2.1M views"
"Peter van Uhm: Why I chose a gun                                                                                                                              Verified            2.1M views7 years ago","Peter van Uhm: Why I chose a gun","2.1M views"
"The freakonomics of McDonalds vs. drugs | Steven Levitt                                                                                                                              Verified            2.1M views12 years ago","The freakonomics of McDonalds vs. drugs | Steven Levitt","2.1M views"
"What's hidden under the Greenland ice sheet? | Kristin Poinar                                                                                                                              Verified            2.1M views2 years ago","What's hidden under the Greenland ice sheet? | Kristin Poinar","2.1M views"
"How not to be ignorant about the world | Hans and Ola Rosling                                                                                                                              Verified            2.1M views5 years ago","How not to be ignorant about the world | Hans and Ola Rosling","2.1M views"
"Why you should define your fears instead of your goals | Tim Ferriss                                                                                                                              Verified            2M views2 years ago","Why you should define your fears instead of your goals | Tim Ferriss","2M views"
"How the blockchain is changing money and business | Don Tapscott                                                                                                                              Verified            2M views3 years ago","How the blockchain is changing money and business | Don Tapscott","2M views"
"Why I'm done trying to be ""man enough"" | Justin Baldoni                                                                                                                              Verified            2M views1 year ago","Why I'm done trying to be ""man enough"" | Justin Baldoni","2M views"
"What happens when our computers get smarter than we are? | Nick Bostrom                                                                                                                              Verified            2M views4 years ago","What happens when our computers get smarter than we are? | Nick Bostrom","2M views"
"How one tweet can ruin your life | Jon Ronson                                                                                                                              Verified            2M views4 years ago","How one tweet can ruin your life | Jon Ronson","2M views"
"How the worst moments in our lives make us who we are | Andrew Solomon                                                                                                                              Verified            2M views5 years ago","How the worst moments in our lives make us who we are | Andrew Solomon","2M views"
"Robots that fly ... and cooperate | Vijay Kumar                                                                                                                              Verified            2M views7 years ago","Robots that fly ... and cooperate | Vijay Kumar","2M views"
"Unveiling game-changing wearable tech | Pattie Maes                                                                                                                              Verified            2M views10 years ago","Unveiling game-changing wearable tech | Pattie Maes","2M views"
"Magical houses, made of bamboo | Elora Hardy                                                                                                                              Verified            2M views4 years ago","Magical houses, made of bamboo | Elora Hardy","2M views"
"The violin, and my dark night of the soul | Ji-Hae Park                                                                                                                              Verified            1.9M views6 years ago","The violin, and my dark night of the soul | Ji-Hae Park","1.9M views"
"A performance merging dance and biology | Pilobolus                                                                                                                              Verified            1.9M views12 years ago","A performance merging dance and biology | Pilobolus","1.9M views"
"Why thinking you're ugly is bad for you | Meaghan Ramsey                                                                                                                              Verified            1.9M views5 years ago","Why thinking you're ugly is bad for you | Meaghan Ramsey","1.9M views"
"Science can answer moral questions | Sam Harris                                                                                                                              Verified            1.9M views9 years ago","Science can answer moral questions | Sam Harris","1.9M views"
"A black man goes undercover in the alt-right | Theo E.J. Wilson                                                                                                                              Verified            1.9M views2 years ago","A black man goes undercover in the alt-right | Theo E.J. Wilson","1.9M views"
"How to truly listen | Evelyn Glennie                                                                                                                              Verified            1.9M views12 years ago","How to truly listen | Evelyn Glennie","1.9M views"
"The difference between winning and succeeding | John Wooden                                                                                                                              Verified            1.9M views10 years ago","The difference between winning and succeeding | John Wooden","1.9M views"
"Learn to read Chinese ... with ease! | ShaoLan                                                                                                                              Verified            1.9M views6 years ago","Learn to read Chinese ... with ease! | ShaoLan","1.9M views"
"Our story of rape and reconciliation | Thordis Elva and Tom Stranger                                                                                                                              Verified            1.8M views2 years ago","Our story of rape and reconciliation | Thordis Elva and Tom Stranger","1.8M views"
"The voices in my head | Eleanor Longden                                                                                                                              Verified            1.8M views6 years ago","The voices in my head | Eleanor Longden","1.8M views"
"Hans Rosling: Debunking third-world myths with the best stats you've ever seen                                                                                                                              Verified            1.8M views12 years ago","Hans Rosling: Debunking third-world myths with the best stats you've ever seen","1.8M views"
"World champion whistler | Geert Chatrou                                                                                                                              Verified            1.8M views8 years ago","World champion whistler | Geert Chatrou","1.8M views"
"Why are we happy? Why aren't we happy? | Dan Gilbert                                                                                                                              Verified            1.8M views12 years ago","Why are we happy? Why aren't we happy? | Dan Gilbert","1.8M views"
"Impossible photography | Erik Johansson                                                                                                                              Verified            1.8M views7 years ago","Impossible photography | Erik Johansson","1.8M views"
"Electrical experiments with plants that count and communicate | Greg Gage                                                                                                                              Verified            1.8M views2 years ago","Electrical experiments with plants that count and communicate | Greg Gage","1.8M views"
"What if 3D printing was 100x faster? | Joseph DeSimone                                                                                                                              Verified            1.8M views4 years ago","What if 3D printing was 100x faster? | Joseph DeSimone","1.8M views"
"This could be why you're depressed or anxious | Johann Hari                                                                                                                              Verified            1.8M views1 month ago","This could be why you're depressed or anxious | Johann Hari","1.8M views"
"Peter Attia: What if we're wrong about diabetes?                                                                                                                              Verified            1.8M views6 years ago","Peter Attia: What if we're wrong about diabetes?","1.8M views"
"Bill Gates: Teachers need real feedback                                                                                                                              Verified            1.8M views6 years ago","Bill Gates: Teachers need real feedback","1.8M views"
"Militant atheism | Richard Dawkins                                                                                                                              Verified            1.8M views11 years ago","Militant atheism | Richard Dawkins","1.8M views"
"Maybe the best robot demo ever | Marco Tempest                                                                                                                              Verified            1.8M views5 years ago","Maybe the best robot demo ever | Marco Tempest","1.8M views"
"How to build your creative confidence | David Kelley                                                                                                                              Verified            1.7M views7 years ago","How to build your creative confidence | David Kelley","1.7M views"
"Autism — what we know (and what we don't know yet) | Wendy Chung                                                                                                                              Verified            1.7M views5 years ago","Autism — what we know (and what we don't know yet) | Wendy Chung","1.7M views"
"I don't want children -- stop telling me I'll change my mind | Christen Reighter                                                                                                                              Verified            1.7M views1 year ago","I don't want children -- stop telling me I'll change my mind | Christen Reighter","1.7M views"
"Wii remote hacks | Johnny Lee                                                                                                                              Verified            1.7M views11 years ago","Wii remote hacks | Johnny Lee","1.7M views"
"Teach every child about food | Jamie Oliver                                                                                                                              Verified            1.7M views9 years ago","Teach every child about food | Jamie Oliver","1.7M views"
"How books can open your mind | Lisa Bu                                                                                                                              Verified            1.7M views6 years ago","How books can open your mind | Lisa Bu","1.7M views"
"Why Brexit happened -- and what to do next | Alexander Betts                                                                                                                              Verified            1.7M views3 years ago","Why Brexit happened -- and what to do next | Alexander Betts","1.7M views"
"Why the universe seems so strange | Richard Dawkins                                                                                                                              Verified            1.6M views12 years ago","Why the universe seems so strange | Richard Dawkins","1.6M views"
